Date,Product,Quantity,Price,Customer_ID,Region,Total_Sales,Month,Profit
2024-01-01,Phone,9,37697,CUST001,East,339273,1,67854.6
2024-01-02,Headphones,5,16144,CUST002,North,80720,1,16144.0
2024-01-03,Phone,3,21652,CUST003,West,64956,1,12991.2
2024-01-04,Headphones,1,30739,CUST004,East,30739,1,6147.8
2024-01-05,Laptop,8,39705,CUST005,North,317640,1,63528.0
2024-01-06,Laptop,8,40726,CUST006,South,325808,1,65161.600000000006
2024-01-07,Laptop,9,40180,CUST007,South,361620,1,72324.0
2024-01-08,Laptop,8,7434,CUST008,West,59472,1,11894.400000000001
2024-01-09,Tablet,3,33698,CUST009,North,101094,1,20218.800000000003
2024-01-10,Laptop,6,44457,CUST010,West,266742,1,53348.4
2024-01-11,Monitor,9,6935,CUST011,West,62415,1,12483.0
2024-01-12,Phone,0,14186,CUST012,West,0,1,0.0
2024-01-13,Phone,10,20202,CUST013,East,202020,1,40404.0
2024-01-14,Headphones,2,3902,CUST014,East,7804,1,1560.8000000000002
2024-01-15,Headphones,0,34541,CUST015,West,0,1,0.0
2024-01-16,Phone,8,41411,CUST016,South,331288,1,66257.6
2024-01-17,Phone,6,13366,CUST017,South,80196,1,16039.2
2024-01-18,Tablet,3,19314,CUST018,North,57942,1,11588.400000000001
2024-01-19,Tablet,1,43571,CUST019,West,43571,1,8714.2
2024-01-20,Laptop,9,42689,CUST020,North,384201,1,76840.2
2024-01-21,Laptop,3,35579,CUST021,East,106737,1,21347.4
2024-01-22,Tablet,1,7694,CUST022,West,7694,1,1538.8000000000002
2024-01-23,Laptop,11,29702,CUST023,North,326722,1,65344.4
2024-01-24,Headphones,3,17767,CUST024,West,53301,1,10660.2
2024-01-25,Monitor,1,8949,CUST025,West,8949,1,1789.8000000000002
2024-01-26,Laptop,5,25847,CUST026,North,129235,1,25847.0
2024-01-27,Tablet,1,39192,CUST027,North,39192,1,7838.400000000001
2024-01-28,Tablet,6,43591,CUST028,North,261546,1,52309.200000000004
2024-01-29,Headphones,-1,44504,CUST029,North,-44504,1,-8900.800000000001
2024-01-30,Tablet,11,11011,CUST030,North,121121,1,24224.2
2024-01-31,Tablet,5,35259,CUST031,East,176295,1,35259.0
2024-02-01,Phone,6,16296,CUST032,South,97776,2,19555.2
2024-02-02,Tablet,2,21690,CUST033,South,43380,2,8676.0
2024-02-03,Tablet,2,48451,CUST034,East,96902,2,19380.4
2024-02-04,Tablet,8,4862,CUST035,South,38896,2,7779.200000000001
2024-02-05,Tablet,2,45330,CUST036,East,90660,2,18132.0
2024-02-06,Phone,6,39483,CUST037,North,236898,2,47379.600000000006
2024-02-07,Monitor,8,19238,CUST038,East,153904,2,30780.800000000003
2024-02-08,Monitor,-1,40839,CUST039,South,-40839,2,-8167.8
2024-02-09,Phone,2,10953,CUST040,South,21906,2,4381.2
2024-02-10,Monitor,2,19805,CUST041,West,39610,2,7922.0
2024-02-11,Phone,-1,18746,CUST042,West,-18746,2,-3749.2000000000003
2024-02-12,Tablet,7,43769,CUST043,West,306383,2,61276.600000000006
2024-02-13,Monitor,4,44247,CUST044,West,176988,2,35397.6
2024-02-14,Phone,1,39833,CUST045,East,39833,2,7966.6
2024-02-15,Tablet,1,11955,CUST046,West,11955,2,2391.0
2024-02-16,Phone,5,30327,CUST047,North,151635,2,30327.0
2024-02-17,Monitor,3,7123,CUST048,West,21369,2,4273.8
2024-02-18,Laptop,3,33280,CUST049,South,99840,2,19968.0
2024-02-19,Laptop,4,43237,CUST050,West,172948,2,34589.6
2024-02-20,Phone,8,15046,CUST051,West,120368,2,24073.600000000002
2024-02-21,Headphones,0,31740,CUST052,West,0,2,0.0
2024-02-22,Monitor,4,24156,CUST053,North,96624,2,19324.8
2024-02-23,Tablet,3,1825,CUST054,North,5475,2,1095.0
2024-02-24,Tablet,8,3759,CUST055,South,30072,2,6014.400000000001
2024-02-25,Phone,4,36259,CUST056,North,145036,2,29007.2
2024-02-26,Monitor,7,36853,CUST057,East,257971,2,51594.200000000004
2024-02-27,Monitor,3,6185,CUST058,East,18555,2,3711.0
2024-02-28,Laptop,6,15426,CUST059,South,92556,2,18511.2
2024-02-29,Headphones,2,14189,CUST060,South,28378,2,5675.6
2024-03-01,Tablet,5,30831,CUST061,North,154155,3,30831.0
2024-03-02,Laptop,8,19498,CUST062,South,155984,3,31196.800000000003
2024-03-03,Monitor,11,25191,CUST063,East,277101,3,55420.200000000004
2024-03-04,Laptop,6,18503,CUST064,West,111018,3,22203.600000000002
2024-03-05,Phone,7,45530,CUST065,South,318710,3,63742.0
2024-03-06,Laptop,9,14127,CUST066,North,127143,3,25428.600000000002
2024-03-07,Headphones,3,44722,CUST067,East,134166,3,26833.2
2024-03-08,Laptop,3,35161,CUST068,North,105483,3,21096.600000000002
2024-03-09,Tablet,5,23757,CUST069,North,118785,3,23757.0
2024-03-10,Laptop,11,34549,CUST070,South,380039,3,76007.8
2024-03-11,Phone,6,34857,CUST071,West,209142,3,41828.4
2024-03-12,Headphones,9,19499,CUST072,East,175491,3,35098.200000000004
2024-03-13,Headphones,7,49606,CUST073,West,347242,3,69448.40000000001
2024-03-14,Tablet,4,18298,CUST074,South,73192,3,14638.400000000001
2024-03-15,Monitor,8,24153,CUST075,North,193224,3,38644.8
2024-03-16,Phone,4,16685,CUST076,South,66740,3,13348.0
2024-03-17,Laptop,7,2760,CUST077,South,19320,3,3864.0
2024-03-18,Tablet,8,25786,CUST078,East,206288,3,41257.600000000006
2024-03-19,Tablet,8,19423,CUST079,North,155384,3,31076.800000000003
2024-03-20,Phone,2,48862,CUST080,South,97724,3,19544.8
2024-03-21,Laptop,4,28694,CUST081,East,114776,3,22955.2
2024-03-22,Headphones,1,48625,CUST082,South,48625,3,9725.0
2024-03-23,Laptop,7,43502,CUST083,North,304514,3,60902.8
2024-03-24,Phone,8,41038,CUST084,South,328304,3,65660.8
2024-03-25,Laptop,5,7413,CUST085,South,37065,3,7413.0
2024-03-26,Monitor,6,10610,CUST086,North,63660,3,12732.0
2024-03-27,Tablet,5,3313,CUST087,West,16565,3,3313.0
2024-03-28,Phone,4,3980,CUST088,West,15920,3,3184.0
2024-03-29,Laptop,8,37805,CUST089,North,302440,3,60488.0
2024-03-30,Monitor,6,10114,CUST090,East,60684,3,12136.800000000001
2024-03-31,Laptop,-1,7148,CUST091,North,-7148,3,-1429.6000000000001
2024-04-01,Tablet,4,30347,CUST092,South,121388,4,24277.600000000002
2024-04-02,Headphones,7,42436,CUST093,South,297052,4,59410.4
2024-04-03,Laptop,6,15787,CUST094,South,94722,4,18944.4
2024-04-04,Tablet,8,20172,CUST095,West,161376,4,32275.2
2024-04-05,Tablet,9,20426,CUST096,North,183834,4,36766.8
2024-04-06,Headphones,3,7360,CUST097,West,22080,4,4416.0
2024-04-07,Tablet,7,26324,CUST098,East,184268,4,36853.6
2024-04-08,Monitor,0,30058,CUST099,North,0,4,0.0
2024-04-09,Headphones,3,23154,CUST100,South,69462,4,13892.400000000001
2024-01-01,Phone,9,38163,CUST001,East,343467,1,68693.40000000001
2024-01-02,Headphones,4,16042,CUST002,North,64168,1,12833.6
2024-01-03,Phone,3,22190,CUST003,West,66570,1,13314.0
2024-01-04,Headphones,-1,29930,CUST004,East,-29930,1,-5986.0
2024-01-05,Laptop,6,38931,CUST005,North,233586,1,46717.200000000004
2024-01-06,Laptop,5,40909,CUST006,South,204545,1,40909.0
2024-01-07,Laptop,10,40181,CUST007,South,401810,1,80362.0
2024-01-08,Laptop,9,7399,CUST008,West,66591,1,13318.2
2024-01-09,Tablet,1,32076,CUST009,North,32076,1,6415.200000000001
2024-01-10,Laptop,6,44702,CUST010,West,268212,1,53642.4
2024-01-11,Monitor,10,5865,CUST011,West,58650,1,11730.0
2024-01-12,Phone,1,13732,CUST012,West,13732,1,2746.4
2024-01-13,Phone,7,21291,CUST013,East,149037,1,29807.4
2024-01-14,Headphones,4,3549,CUST014,East,14196,1,2839.2000000000003
2024-01-15,Headphones,1,34844,CUST015,West,34844,1,6968.8
2024-01-16,Phone,7,41621,CUST016,South,291347,1,58269.4
2024-01-17,Phone,3,14447,CUST017,South,43341,1,8668.2
2024-01-18,Tablet,2,19605,CUST018,North,39210,1,7842.0
2024-01-19,Tablet,3,44016,CUST019,West,132048,1,26409.600000000002
2024-01-20,Laptop,8,41981,CUST020,North,335848,1,67169.6
2024-01-21,Laptop,1,36311,CUST021,East,36311,1,7262.200000000001
2024-01-22,Tablet,3,7085,CUST022,West,21255,1,4251.0
2024-01-23,Laptop,7,29256,CUST023,North,204792,1,40958.4
2024-01-24,Headphones,0,16949,CUST024,West,0,1,0.0
2024-01-25,Monitor,4,8517,CUST025,West,34068,1,6813.6
2024-01-26,Laptop,2,25437,CUST026,North,50874,1,10174.800000000001
2024-01-27,Tablet,1,39008,CUST027,North,39008,1,7801.6
2024-01-28,Tablet,7,43330,CUST028,North,303310,1,60662.0
2024-01-29,Headphones,0,45123,CUST029,North,0,1,0.0
2024-01-30,Tablet,11,11360,CUST030,North,124960,1,24992.0
2024-01-31,Tablet,4,34422,CUST031,East,137688,1,27537.600000000002
2024-02-01,Phone,6,17179,CUST032,South,103074,2,20614.800000000003
2024-02-02,Tablet,2,21463,CUST033,South,42926,2,8585.2
2024-02-03,Tablet,1,48125,CUST034,East,48125,2,9625.0
2024-02-04,Tablet,7,4281,CUST035,South,29967,2,5993.400000000001
2024-02-05,Tablet,6,45363,CUST036,East,272178,2,54435.600000000006
2024-02-06,Phone,6,39728,CUST037,North,238368,2,47673.600000000006
2024-02-07,Monitor,9,19993,CUST038,East,179937,2,35987.4
2024-02-08,Monitor,3,39917,CUST039,South,119751,2,23950.2
2024-02-09,Phone,6,11441,CUST040,South,68646,2,13729.2
2024-02-10,Monitor,3,19480,CUST041,West,58440,2,11688.0
2024-02-11,Phone,0,19063,CUST042,West,0,2,0.0
2024-02-12,Tablet,7,43328,CUST043,West,303296,2,60659.200000000004
2024-02-13,Monitor,5,44300,CUST044,West,221500,2,44300.0
2024-02-14,Phone,1,41046,CUST045,East,41046,2,8209.2
2024-02-15,Tablet,3,10583,CUST046,West,31749,2,6349.8
2024-02-16,Phone,6,29988,CUST047,North,179928,2,35985.6
2024-02-17,Monitor,2,5930,CUST048,West,11860,2,2372.0
2024-02-18,Laptop,1,32500,CUST049,South,32500,2,6500.0
2024-02-19,Laptop,6,44417,CUST050,West,266502,2,53300.4
2024-02-20,Phone,11,15340,CUST051,West,168740,2,33748.0
2024-02-21,Headphones,0,32887,CUST052,West,0,2,0.0
2024-02-22,Monitor,4,24763,CUST053,North,99052,2,19810.4
2024-02-23,Tablet,4,1958,CUST054,North,7832,2,1566.4
2024-02-24,Tablet,9,4278,CUST055,South,38502,2,7700.400000000001
2024-02-25,Phone,2,36650,CUST056,North,73300,2,14660.0
2024-02-26,Monitor,7,36349,CUST057,East,254443,2,50888.600000000006
2024-02-27,Monitor,2,4813,CUST058,East,9626,2,1925.2
2024-02-28,Laptop,4,14729,CUST059,South,58916,2,11783.2
2024-02-29,Headphones,4,14465,CUST060,South,57860,2,11572.0
2024-03-01,Tablet,3,29177,CUST061,North,87531,3,17506.2
2024-03-02,Laptop,9,20523,CUST062,South,184707,3,36941.4
2024-03-03,Monitor,11,25033,CUST063,East,275363,3,55072.600000000006
2024-03-04,Laptop,6,18061,CUST064,West,108366,3,21673.2
2024-03-05,Phone,7,45633,CUST065,South,319431,3,63886.200000000004
2024-03-06,Laptop,10,13938,CUST066,North,139380,3,27876.0
2024-03-07,Headphones,2,45410,CUST067,East,90820,3,18164.0
2024-03-08,Laptop,4,33707,CUST068,North,134828,3,26965.600000000002
2024-03-09,Tablet,2,23276,CUST069,North,46552,3,9310.4
2024-03-10,Laptop,10,36384,CUST070,South,363840,3,72768.0
2024-03-11,Phone,5,34559,CUST071,West,172795,3,34559.0
2024-03-12,Headphones,8,19834,CUST072,East,158672,3,31734.4
2024-03-13,Headphones,6,49691,CUST073,West,298146,3,59629.200000000004
2024-03-14,Tablet,6,17153,CUST074,South,102918,3,20583.600000000002
2024-03-15,Monitor,8,23677,CUST075,North,189416,3,37883.200000000004
2024-03-16,Phone,5,16275,CUST076,South,81375,3,16275.0
2024-03-17,Laptop,8,3458,CUST077,South,27664,3,5532.8
2024-03-18,Tablet,9,26579,CUST078,East,239211,3,47842.200000000004
2024-03-19,Tablet,10,19216,CUST079,North,192160,3,38432.0
2024-03-20,Phone,5,49151,CUST080,South,245755,3,49151.0
2024-03-21,Laptop,5,27653,CUST081,East,138265,3,27653.0
2024-03-22,Headphones,3,49537,CUST082,South,148611,3,29722.2
2024-03-23,Laptop,6,44135,CUST083,North,264810,3,52962.0
2024-03-24,Phone,6,40202,CUST084,South,241212,3,48242.4
2024-03-25,Laptop,1,6626,CUST085,South,6626,3,1325.2
2024-03-26,Monitor,6,12042,CUST086,North,72252,3,14450.400000000001
2024-03-27,Tablet,5,4339,CUST087,West,21695,3,4339.0
2024-03-28,Phone,7,4175,CUST088,West,29225,3,5845.0
2024-03-29,Laptop,5,37041,CUST089,North,185205,3,37041.0
2024-03-30,Monitor,3,10072,CUST090,East,30216,3,6043.200000000001
2024-03-31,Laptop,0,6711,CUST091,North,0,3,0.0
2024-04-01,Tablet,4,29544,CUST092,South,118176,4,23635.2
2024-04-02,Headphones,5,43011,CUST093,South,215055,4,43011.0
2024-04-03,Laptop,5,17081,CUST094,South,85405,4,17081.0
2024-04-04,Tablet,9,19636,CUST095,West,176724,4,35344.8
2024-04-05,Tablet,8,20214,CUST096,North,161712,4,32342.4
2024-04-06,Headphones,2,8282,CUST097,West,16564,4,3312.8
2024-04-07,Tablet,5,26890,CUST098,East,134450,4,26890.0
2024-04-08,Monitor,0,29941,CUST099,North,0,4,0.0
2024-04-09,Headphones,6,23444,CUST100,South,140664,4,28132.800000000003
2024-01-01,Phone,8,38073,CUST001,East,304584,1,60916.8
2024-01-02,Headphones,5,16043,CUST002,North,80215,1,16043.0
2024-01-03,Phone,3,22576,CUST003,West,67728,1,13545.6
2024-01-04,Headphones,-1,30972,CUST004,East,-30972,1,-6194.400000000001
2024-01-05,Laptop,6,39049,CUST005,North,234294,1,46858.8
2024-01-06,Laptop,9,40541,CUST006,South,364869,1,72973.8
2024-01-07,Laptop,11,40554,CUST007,South,446094,1,89218.8
2024-01-08,Laptop,7,8164,CUST008,West,57148,1,11429.6
2024-01-09,Tablet,3,32811,CUST009,North,98433,1,19686.600000000002
2024-01-10,Laptop,5,45043,CUST010,West,225215,1,45043.0
2024-01-11,Monitor,8,6844,CUST011,West,54752,1,10950.400000000001
2024-01-12,Phone,0,14047,CUST012,West,0,1,0.0
2024-01-13,Phone,9,20972,CUST013,East,188748,1,37749.6
2024-01-14,Headphones,2,3269,CUST014,East,6538,1,1307.6000000000001
2024-01-15,Headphones,2,33829,CUST015,West,67658,1,13531.6
2024-01-16,Phone,9,41710,CUST016,South,375390,1,75078.0
2024-01-17,Phone,5,12926,CUST017,South,64630,1,12926.0
2024-01-18,Tablet,3,19063,CUST018,North,57189,1,11437.800000000001
2024-01-19,Tablet,-1,43819,CUST019,West,-43819,1,-8763.800000000001
2024-01-20,Laptop,7,42539,CUST020,North,297773,1,59554.600000000006
2024-01-21,Laptop,4,36798,CUST021,East,147192,1,29438.4
2024-01-22,Tablet,0,7384,CUST022,West,0,1,0.0
2024-01-23,Laptop,9,29313,CUST023,North,263817,1,52763.4
2024-01-24,Headphones,0,17829,CUST024,West,0,1,0.0
2024-01-25,Monitor,3,8777,CUST025,West,26331,1,5266.200000000001
2024-01-26,Laptop,1,26220,CUST026,North,26220,1,5244.0
2024-01-27,Tablet,-1,38053,CUST027,North,-38053,1,-7610.6
2024-01-28,Tablet,5,42775,CUST028,North,213875,1,42775.0
2024-01-29,Headphones,-1,46051,CUST029,North,-46051,1,-9210.2
2024-01-30,Tablet,10,11040,CUST030,North,110400,1,22080.0
2024-01-31,Tablet,6,35041,CUST031,East,210246,1,42049.200000000004
2024-02-01,Phone,2,16045,CUST032,South,32090,2,6418.0
2024-02-02,Tablet,4,19983,CUST033,South,79932,2,15986.400000000001
2024-02-03,Tablet,1,48578,CUST034,East,48578,2,9715.6
2024-02-04,Tablet,4,4505,CUST035,South,18020,2,3604.0
2024-02-05,Tablet,5,45813,CUST036,East,229065,2,45813.0
2024-02-06,Phone,6,41089,CUST037,North,246534,2,49306.8
2024-02-07,Monitor,9,18841,CUST038,East,169569,2,33913.8
2024-02-08,Monitor,-1,40891,CUST039,South,-40891,2,-8178.200000000001
2024-02-09,Phone,4,11971,CUST040,South,47884,2,9576.800000000001
2024-02-10,Monitor,0,20678,CUST041,West,0,2,0.0
2024-02-11,Phone,-1,17715,CUST042,West,-17715,2,-3543.0
2024-02-12,Tablet,7,42787,CUST043,West,299509,2,59901.8
2024-02-13,Monitor,6,43904,CUST044,West,263424,2,52684.8
2024-02-14,Phone,1,41090,CUST045,East,41090,2,8218.0
2024-02-15,Tablet,0,10243,CUST046,West,0,2,0.0
2024-02-16,Phone,8,29331,CUST047,North,234648,2,46929.600000000006
2024-02-17,Monitor,1,6844,CUST048,West,6844,2,1368.8000000000002
2024-02-18,Laptop,2,32185,CUST049,South,64370,2,12874.0
2024-02-19,Laptop,5,43779,CUST050,West,218895,2,43779.0
2024-02-20,Phone,11,14739,CUST051,West,162129,2,32425.800000000003
2024-02-21,Headphones,2,31977,CUST052,West,63954,2,12790.800000000001
2024-02-22,Monitor,7,23838,CUST053,North,166866,2,33373.200000000004
2024-02-23,Tablet,6,2149,CUST054,North,12894,2,2578.8
2024-02-24,Tablet,6,4438,CUST055,South,26628,2,5325.6
2024-02-25,Phone,2,36629,CUST056,North,73258,2,14651.6
2024-02-26,Monitor,6,37781,CUST057,East,226686,2,45337.200000000004
2024-02-27,Monitor,4,5116,CUST058,East,20464,2,4092.8
2024-02-28,Laptop,6,14831,CUST059,South,88986,2,17797.2
2024-02-29,Headphones,4,13132,CUST060,South,52528,2,10505.6
2024-03-01,Tablet,4,30697,CUST061,North,122788,3,24557.600000000002
2024-03-02,Laptop,10,19721,CUST062,South,197210,3,39442.0
2024-03-03,Monitor,7,25046,CUST063,East,175322,3,35064.4
2024-03-04,Laptop,6,17678,CUST064,West,106068,3,21213.600000000002
2024-03-05,Phone,6,45185,CUST065,South,271110,3,54222.0
2024-03-06,Laptop,8,14563,CUST066,North,116504,3,23300.800000000003
2024-03-07,Headphones,0,43535,CUST067,East,0,3,0.0
2024-03-08,Laptop,3,33889,CUST068,North,101667,3,20333.4
2024-03-09,Tablet,2,22859,CUST069,North,45718,3,9143.6
2024-03-10,Laptop,10,34655,CUST070,South,346550,3,69310.0
2024-03-11,Phone,2,34769,CUST071,West,69538,3,13907.6
2024-03-12,Headphones,9,19234,CUST072,East,173106,3,34621.200000000004
2024-03-13,Headphones,9,49176,CUST073,West,442584,3,88516.8
2024-03-14,Tablet,2,17877,CUST074,South,35754,3,7150.8
2024-03-15,Monitor,6,23784,CUST075,North,142704,3,28540.800000000003
2024-03-16,Phone,7,16694,CUST076,South,116858,3,23371.600000000002
2024-03-17,Laptop,8,2480,CUST077,South,19840,3,3968.0
2024-03-18,Tablet,11,26124,CUST078,East,287364,3,57472.8
2024-03-19,Tablet,7,19351,CUST079,North,135457,3,27091.4
2024-03-20,Phone,3,48378,CUST080,South,145134,3,29026.800000000003
2024-03-21,Laptop,4,28837,CUST081,East,115348,3,23069.600000000002
2024-03-22,Headphones,1,49183,CUST082,South,49183,3,9836.6
2024-03-23,Laptop,10,43816,CUST083,North,438160,3,87632.0
2024-03-24,Phone,9,40480,CUST084,South,364320,3,72864.0
2024-03-25,Laptop,1,7646,CUST085,South,7646,3,1529.2
2024-03-26,Monitor,6,11318,CUST086,North,67908,3,13581.6
2024-03-27,Tablet,5,4179,CUST087,West,20895,3,4179.0
2024-03-28,Phone,5,4170,CUST088,West,20850,3,4170.0
2024-03-29,Laptop,8,38516,CUST089,North,308128,3,61625.600000000006
2024-03-30,Monitor,4,10175,CUST090,East,40700,3,8140.0
2024-03-31,Laptop,0,7820,CUST091,North,0,3,0.0
2024-04-01,Tablet,3,31207,CUST092,South,93621,4,18724.2
2024-04-02,Headphones,6,42502,CUST093,South,255012,4,51002.4
2024-04-03,Laptop,8,17168,CUST094,South,137344,4,27468.800000000003
2024-04-04,Tablet,5,20238,CUST095,West,101190,4,20238.0
2024-04-05,Tablet,6,21320,CUST096,North,127920,4,25584.0
2024-04-06,Headphones,2,8548,CUST097,West,17096,4,3419.2000000000003
2024-04-07,Tablet,5,27411,CUST098,East,137055,4,27411.0
2024-04-08,Monitor,0,30397,CUST099,North,0,4,0.0
2024-04-09,Headphones,4,23694,CUST100,South,94776,4,18955.2
2024-01-01,Phone,5,37158,CUST001,East,185790,1,37158.0
2024-01-02,Headphones,4,14945,CUST002,North,59780,1,11956.0
2024-01-03,Phone,1,21994,CUST003,West,21994,1,4398.8
2024-01-04,Headphones,3,31679,CUST004,East,95037,1,19007.4
2024-01-05,Laptop,9,40403,CUST005,North,363627,1,72725.40000000001
2024-01-06,Laptop,6,41306,CUST006,South,247836,1,49567.200000000004
2024-01-07,Laptop,7,41113,CUST007,South,287791,1,57558.200000000004
2024-01-08,Laptop,9,6738,CUST008,West,60642,1,12128.400000000001
2024-01-09,Tablet,3,33520,CUST009,North,100560,1,20112.0
2024-01-10,Laptop,2,45027,CUST010,West,90054,1,18010.8
2024-01-11,Monitor,6,5995,CUST011,West,35970,1,7194.0
2024-01-12,Phone,3,12291,CUST012,West,36873,1,7374.6
2024-01-13,Phone,9,21180,CUST013,East,190620,1,38124.0
2024-01-14,Headphones,5,4186,CUST014,East,20930,1,4186.0
2024-01-15,Headphones,3,34316,CUST015,West,102948,1,20589.600000000002
2024-01-16,Phone,7,40725,CUST016,South,285075,1,57015.0
2024-01-17,Phone,4,13983,CUST017,South,55932,1,11186.400000000001
2024-01-18,Tablet,4,20012,CUST018,North,80048,1,16009.6
2024-01-19,Tablet,1,44838,CUST019,West,44838,1,8967.6
2024-01-20,Laptop,7,41471,CUST020,North,290297,1,58059.4
2024-01-21,Laptop,5,35844,CUST021,East,179220,1,35844.0
2024-01-22,Tablet,0,6587,CUST022,West,0,1,0.0
2024-01-23,Laptop,10,29515,CUST023,North,295150,1,59030.0
2024-01-24,Headphones,2,17530,CUST024,West,35060,1,7012.0
2024-01-25,Monitor,1,8390,CUST025,West,8390,1,1678.0
2024-01-26,Laptop,1,26143,CUST026,North,26143,1,5228.6
2024-01-27,Tablet,-1,38436,CUST027,North,-38436,1,-7687.200000000001
2024-01-28,Tablet,8,43096,CUST028,North,344768,1,68953.6
2024-01-29,Headphones,0,44601,CUST029,North,0,1,0.0
2024-01-30,Tablet,8,12065,CUST030,North,96520,1,19304.0
2024-01-31,Tablet,7,34702,CUST031,East,242914,1,48582.8
2024-02-01,Phone,6,17937,CUST032,South,107622,2,21524.4
2024-02-02,Tablet,3,20966,CUST033,South,62898,2,12579.6
2024-02-03,Tablet,1,48252,CUST034,East,48252,2,9650.4
2024-02-04,Tablet,5,4840,CUST035,South,24200,2,4840.0
2024-02-05,Tablet,2,45993,CUST036,East,91986,2,18397.2
2024-02-06,Phone,4,40727,CUST037,North,162908,2,32581.600000000002
2024-02-07,Monitor,7,18977,CUST038,East,132839,2,26567.800000000003
2024-02-08,Monitor,-1,39269,CUST039,South,-39269,2,-7853.8
2024-02-09,Phone,3,11981,CUST040,South,35943,2,7188.6
2024-02-10,Monitor,2,19410,CUST041,West,38820,2,7764.0
2024-02-11,Phone,0,19310,CUST042,West,0,2,0.0
2024-02-12,Tablet,6,42465,CUST043,West,254790,2,50958.0
2024-02-13,Monitor,5,43353,CUST044,West,216765,2,43353.0
2024-02-14,Phone,3,40469,CUST045,East,121407,2,24281.4
2024-02-15,Tablet,3,11310,CUST046,West,33930,2,6786.0
2024-02-16,Phone,6,29868,CUST047,North,179208,2,35841.6
2024-02-17,Monitor,3,7014,CUST048,West,21042,2,4208.400000000001
2024-02-18,Laptop,2,31431,CUST049,South,62862,2,12572.400000000001
2024-02-19,Laptop,6,44266,CUST050,West,265596,2,53119.200000000004
2024-02-20,Phone,11,15651,CUST051,West,172161,2,34432.200000000004
2024-02-21,Headphones,-1,33112,CUST052,West,-33112,2,-6622.400000000001
2024-02-22,Monitor,5,24193,CUST053,North,120965,2,24193.0
2024-02-23,Tablet,7,710,CUST054,North,4970,2,994.0
2024-02-24,Tablet,7,3608,CUST055,South,25256,2,5051.200000000001
2024-02-25,Phone,3,37459,CUST056,North,112377,2,22475.4
2024-02-26,Monitor,4,36718,CUST057,East,146872,2,29374.4
2024-02-27,Monitor,2,6122,CUST058,East,12244,2,2448.8
2024-02-28,Laptop,6,14657,CUST059,South,87942,2,17588.4
2024-02-29,Headphones,4,13950,CUST060,South,55800,2,11160.0
2024-03-01,Tablet,7,29468,CUST061,North,206276,3,41255.200000000004
2024-03-02,Laptop,6,19996,CUST062,South,119976,3,23995.2
2024-03-03,Monitor,8,23534,CUST063,East,188272,3,37654.4
2024-03-04,Laptop,7,17652,CUST064,West,123564,3,24712.800000000003
2024-03-05,Phone,7,44031,CUST065,South,308217,3,61643.4
2024-03-06,Laptop,10,14328,CUST066,North,143280,3,28656.0
2024-03-07,Headphones,0,44378,CUST067,East,0,3,0.0
2024-03-08,Laptop,4,34214,CUST068,North,136856,3,27371.2
2024-03-09,Tablet,3,23928,CUST069,North,71784,3,14356.800000000001
2024-03-10,Laptop,9,34638,CUST070,South,311742,3,62348.4
2024-03-11,Phone,3,34834,CUST071,West,104502,3,20900.4
2024-03-12,Headphones,9,18645,CUST072,East,167805,3,33561.0
2024-03-13,Headphones,5,50163,CUST073,West,250815,3,50163.0
2024-03-14,Tablet,6,16654,CUST074,South,99924,3,19984.800000000003
2024-03-15,Monitor,7,24259,CUST075,North,169813,3,33962.6
2024-03-16,Phone,7,17051,CUST076,South,119357,3,23871.4
2024-03-17,Laptop,7,1647,CUST077,South,11529,3,2305.8
2024-03-18,Tablet,11,25913,CUST078,East,285043,3,57008.600000000006
2024-03-19,Tablet,9,19644,CUST079,North,176796,3,35359.200000000004
2024-03-20,Phone,5,49320,CUST080,South,246600,3,49320.0
2024-03-21,Laptop,2,27640,CUST081,East,55280,3,11056.0
2024-03-22,Headphones,0,49447,CUST082,South,0,3,0.0
2024-03-23,Laptop,8,43285,CUST083,North,346280,3,69256.0
2024-03-24,Phone,8,39696,CUST084,South,317568,3,63513.600000000006
2024-03-25,Laptop,5,7094,CUST085,South,35470,3,7094.0
2024-03-26,Monitor,5,12566,CUST086,North,62830,3,12566.0
2024-03-27,Tablet,4,4335,CUST087,West,17340,3,3468.0
2024-03-28,Phone,7,4805,CUST088,West,33635,3,6727.0
2024-03-29,Laptop,7,38450,CUST089,North,269150,3,53830.0
2024-03-30,Monitor,2,8740,CUST090,East,17480,3,3496.0
2024-03-31,Laptop,1,6674,CUST091,North,6674,3,1334.8000000000002
2024-04-01,Tablet,3,30190,CUST092,South,90570,4,18114.0
2024-04-02,Headphones,5,42908,CUST093,South,214540,4,42908.0
2024-04-03,Laptop,6,17084,CUST094,South,102504,4,20500.800000000003
2024-04-04,Tablet,6,20476,CUST095,West,122856,4,24571.2
2024-04-05,Tablet,8,21555,CUST096,North,172440,4,34488.0
2024-04-06,Headphones,0,7154,CUST097,West,0,4,0.0
2024-04-07,Tablet,7,26320,CUST098,East,184240,4,36848.0
2024-04-08,Monitor,1,31365,CUST099,North,31365,4,6273.0
2024-04-09,Headphones,3,23705,CUST100,South,71115,4,14223.0
2024-01-01,Phone,7,37842,CUST001,East,264894,1,52978.8
2024-01-02,Headphones,3,15883,CUST002,North,47649,1,9529.800000000001
2024-01-03,Phone,4,22599,CUST003,West,90396,1,18079.2
2024-01-04,Headphones,0,31126,CUST004,East,0,1,0.0
2024-01-05,Laptop,7,40777,CUST005,North,285439,1,57087.8
2024-01-06,Laptop,6,40314,CUST006,South,241884,1,48376.8
2024-01-07,Laptop,11,40844,CUST007,South,449284,1,89856.8
2024-01-08,Laptop,7,8070,CUST008,West,56490,1,11298.0
2024-01-09,Tablet,3,33718,CUST009,North,101154,1,20230.800000000003
2024-01-10,Laptop,4,45667,CUST010,West,182668,1,36533.6
2024-01-11,Monitor,8,7025,CUST011,West,56200,1,11240.0
2024-01-12,Phone,4,12392,CUST012,West,49568,1,9913.6
2024-01-13,Phone,9,21275,CUST013,East,191475,1,38295.0
2024-01-14,Headphones,6,4042,CUST014,East,24252,1,4850.400000000001
2024-01-15,Headphones,1,33797,CUST015,West,33797,1,6759.400000000001
2024-01-16,Phone,7,41675,CUST016,South,291725,1,58345.0
2024-01-17,Phone,5,14083,CUST017,South,70415,1,14083.0
2024-01-18,Tablet,5,18354,CUST018,North,91770,1,18354.0
2024-01-19,Tablet,0,43281,CUST019,West,0,1,0.0
2024-01-20,Laptop,8,42715,CUST020,North,341720,1,68344.0
2024-01-21,Laptop,1,36759,CUST021,East,36759,1,7351.8
2024-01-22,Tablet,2,5905,CUST022,West,11810,1,2362.0
2024-01-23,Laptop,8,29574,CUST023,North,236592,1,47318.4
2024-01-24,Headphones,0,18601,CUST024,West,0,1,0.0
2024-01-25,Monitor,2,8985,CUST025,West,17970,1,3594.0
2024-01-26,Laptop,2,25307,CUST026,North,50614,1,10122.800000000001
2024-01-27,Tablet,2,39237,CUST027,North,78474,1,15694.800000000001
2024-01-28,Tablet,8,42860,CUST028,North,342880,1,68576.0
2024-01-29,Headphones,3,46177,CUST029,North,138531,1,27706.2
2024-01-30,Tablet,7,10959,CUST030,North,76713,1,15342.6
2024-01-31,Tablet,6,34814,CUST031,East,208884,1,41776.8
2024-02-01,Phone,6,16681,CUST032,South,100086,2,20017.2
2024-02-02,Tablet,4,21054,CUST033,South,84216,2,16843.2
2024-02-03,Tablet,2,47915,CUST034,East,95830,2,19166.0
2024-02-04,Tablet,7,3969,CUST035,South,27783,2,5556.6
2024-02-05,Tablet,3,44609,CUST036,East,133827,2,26765.4
2024-02-06,Phone,3,39837,CUST037,North,119511,2,23902.2
2024-02-07,Monitor,9,20071,CUST038,East,180639,2,36127.8
2024-02-08,Monitor,3,39077,CUST039,South,117231,2,23446.2
2024-02-09,Phone,4,11899,CUST040,South,47596,2,9519.2
2024-02-10,Monitor,0,20822,CUST041,West,0,2,0.0
2024-02-11,Phone,3,17755,CUST042,West,53265,2,10653.0
2024-02-12,Tablet,4,43992,CUST043,West,175968,2,35193.6
2024-02-13,Monitor,6,43693,CUST044,West,262158,2,52431.600000000006
2024-02-14,Phone,0,39504,CUST045,East,0,2,0.0
2024-02-15,Tablet,3,11069,CUST046,West,33207,2,6641.400000000001
2024-02-16,Phone,6,29900,CUST047,North,179400,2,35880.0
2024-02-17,Monitor,-1,6912,CUST048,West,-6912,2,-1382.4
2024-02-18,Laptop,1,33197,CUST049,South,33197,2,6639.400000000001
2024-02-19,Laptop,3,43527,CUST050,West,130581,2,26116.2
2024-02-20,Phone,9,15916,CUST051,West,143244,2,28648.800000000003
2024-02-21,Headphones,0,33304,CUST052,West,0,2,0.0
2024-02-22,Monitor,7,23371,CUST053,North,163597,2,32719.4
2024-02-23,Tablet,3,1575,CUST054,North,4725,2,945.0
2024-02-24,Tablet,9,3360,CUST055,South,30240,2,6048.0
2024-02-25,Phone,1,38099,CUST056,North,38099,2,7619.8
2024-02-26,Monitor,5,36539,CUST057,East,182695,2,36539.0
2024-02-27,Monitor,2,5958,CUST058,East,11916,2,2383.2000000000003
2024-02-28,Laptop,6,14891,CUST059,South,89346,2,17869.2
2024-02-29,Headphones,5,13389,CUST060,South,66945,2,13389.0
2024-03-01,Tablet,3,29640,CUST061,North,88920,3,17784.0
2024-03-02,Laptop,7,20391,CUST062,South,142737,3,28547.4
2024-03-03,Monitor,9,23686,CUST063,East,213174,3,42634.8
2024-03-04,Laptop,6,18616,CUST064,West,111696,3,22339.2
2024-03-05,Phone,8,43928,CUST065,South,351424,3,70284.8
2024-03-06,Laptop,9,13676,CUST066,North,123084,3,24616.800000000003
2024-03-07,Headphones,0,43788,CUST067,East,0,3,0.0
2024-03-08,Laptop,5,33691,CUST068,North,168455,3,33691.0
2024-03-09,Tablet,5,22333,CUST069,North,111665,3,22333.0
2024-03-10,Laptop,11,36314,CUST070,South,399454,3,79890.8
2024-03-11,Phone,5,35337,CUST071,West,176685,3,35337.0
2024-03-12,Headphones,6,18276,CUST072,East,109656,3,21931.2
2024-03-13,Headphones,8,49247,CUST073,West,393976,3,78795.20000000001
2024-03-14,Tablet,6,18290,CUST074,South,109740,3,21948.0
2024-03-15,Monitor,6,23733,CUST075,North,142398,3,28479.600000000002
2024-03-16,Phone,6,16095,CUST076,South,96570,3,19314.0
2024-03-17,Laptop,8,2573,CUST077,South,20584,3,4116.8
2024-03-18,Tablet,7,26775,CUST078,East,187425,3,37485.0
2024-03-19,Tablet,9,20394,CUST079,North,183546,3,36709.200000000004
2024-03-20,Phone,4,48752,CUST080,South,195008,3,39001.6
2024-03-21,Laptop,5,28317,CUST081,East,141585,3,28317.0
2024-03-22,Headphones,3,49738,CUST082,South,149214,3,29842.800000000003
2024-03-23,Laptop,7,43201,CUST083,North,302407,3,60481.4
2024-03-24,Phone,6,39934,CUST084,South,239604,3,47920.8
2024-03-25,Laptop,3,7049,CUST085,South,21147,3,4229.400000000001
2024-03-26,Monitor,7,12277,CUST086,North,85939,3,17187.8
2024-03-27,Tablet,4,2899,CUST087,West,11596,3,2319.2000000000003
2024-03-28,Phone,5,4145,CUST088,West,20725,3,4145.0
2024-03-29,Laptop,5,38973,CUST089,North,194865,3,38973.0
2024-03-30,Monitor,2,8912,CUST090,East,17824,3,3564.8
2024-03-31,Laptop,0,6384,CUST091,North,0,3,0.0
2024-04-01,Tablet,5,31438,CUST092,South,157190,4,31438.0
2024-04-02,Headphones,8,42930,CUST093,South,343440,4,68688.0
2024-04-03,Laptop,5,16625,CUST094,South,83125,4,16625.0
2024-04-04,Tablet,9,19557,CUST095,West,176013,4,35202.6
2024-04-05,Tablet,10,21155,CUST096,North,211550,4,42310.0
2024-04-06,Headphones,1,7911,CUST097,West,7911,4,1582.2
2024-04-07,Tablet,4,27743,CUST098,East,110972,4,22194.4
2024-04-08,Monitor,-1,31534,CUST099,North,-31534,4,-6306.8
2024-04-09,Headphones,3,24058,CUST100,South,72174,4,14434.800000000001
2024-01-01,Phone,6,37289,CUST001,East,223734,1,44746.8
2024-01-02,Headphones,4,16014,CUST002,North,64056,1,12811.2
2024-01-03,Phone,2,21676,CUST003,West,43352,1,8670.4
2024-01-04,Headphones,0,31821,CUST004,East,0,1,0.0
2024-01-05,Laptop,7,40311,CUST005,North,282177,1,56435.4
2024-01-06,Laptop,6,39536,CUST006,South,237216,1,47443.200000000004
2024-01-07,Laptop,9,39806,CUST007,South,358254,1,71650.8
2024-01-08,Laptop,6,7622,CUST008,West,45732,1,9146.4
2024-01-09,Tablet,3,32022,CUST009,North,96066,1,19213.2
2024-01-10,Laptop,3,45883,CUST010,West,137649,1,27529.800000000003
2024-01-11,Monitor,10,5320,CUST011,West,53200,1,10640.0
2024-01-12,Phone,1,13252,CUST012,West,13252,1,2650.4
2024-01-13,Phone,7,20290,CUST013,East,142030,1,28406.0
2024-01-14,Headphones,5,3789,CUST014,East,18945,1,3789.0
2024-01-15,Headphones,3,33785,CUST015,West,101355,1,20271.0
2024-01-16,Phone,9,42519,CUST016,South,382671,1,76534.2
2024-01-17,Phone,7,12861,CUST017,South,90027,1,18005.4
2024-01-18,Tablet,2,19186,CUST018,North,38372,1,7674.400000000001
2024-01-19,Tablet,-1,44589,CUST019,West,-44589,1,-8917.800000000001
2024-01-20,Laptop,8,41445,CUST020,North,331560,1,66312.0
2024-01-21,Laptop,2,35886,CUST021,East,71772,1,14354.400000000001
2024-01-22,Tablet,2,6418,CUST022,West,12836,1,2567.2000000000003
2024-01-23,Laptop,8,29643,CUST023,North,237144,1,47428.8
2024-01-24,Headphones,1,18112,CUST024,West,18112,1,3622.4
2024-01-25,Monitor,1,10112,CUST025,West,10112,1,2022.4
2024-01-26,Laptop,2,25226,CUST026,North,50452,1,10090.400000000001
2024-01-27,Tablet,2,38933,CUST027,North,77866,1,15573.2
2024-01-28,Tablet,9,44089,CUST028,North,396801,1,79360.20000000001
2024-01-29,Headphones,3,45212,CUST029,North,135636,1,27127.2
2024-01-30,Tablet,7,12451,CUST030,North,87157,1,17431.4
2024-01-31,Tablet,5,34398,CUST031,East,171990,1,34398.0
2024-02-01,Phone,6,17030,CUST032,South,102180,2,20436.0
2024-02-02,Tablet,2,21346,CUST033,South,42692,2,8538.4
2024-02-03,Tablet,0,48290,CUST034,East,0,2,0.0
2024-02-04,Tablet,5,5145,CUST035,South,25725,2,5145.0
2024-02-05,Tablet,5,45890,CUST036,East,229450,2,45890.0
2024-02-06,Phone,3,40278,CUST037,North,120834,2,24166.800000000003
2024-02-07,Monitor,10,18551,CUST038,East,185510,2,37102.0
2024-02-08,Monitor,3,39157,CUST039,South,117471,2,23494.2
2024-02-09,Phone,6,10854,CUST040,South,65124,2,13024.800000000001
2024-02-10,Monitor,2,19854,CUST041,West,39708,2,7941.6
2024-02-11,Phone,-1,18794,CUST042,West,-18794,2,-3758.8
2024-02-12,Tablet,6,43610,CUST043,West,261660,2,52332.0
2024-02-13,Monitor,4,44250,CUST044,West,177000,2,35400.0
2024-02-14,Phone,0,39972,CUST045,East,0,2,0.0
2024-02-15,Tablet,0,10882,CUST046,West,0,2,0.0
2024-02-16,Phone,5,29005,CUST047,North,145025,2,29005.0
2024-02-17,Monitor,3,7104,CUST048,West,21312,2,4262.400000000001
2024-02-18,Laptop,1,32714,CUST049,South,32714,2,6542.8
2024-02-19,Laptop,2,44133,CUST050,West,88266,2,17653.2
2024-02-20,Phone,10,14185,CUST051,West,141850,2,28370.0
2024-02-21,Headphones,-1,32681,CUST052,West,-32681,2,-6536.200000000001
2024-02-22,Monitor,4,23678,CUST053,North,94712,2,18942.4
2024-02-23,Tablet,4,717,CUST054,North,2868,2,573.6
2024-02-24,Tablet,6,4698,CUST055,South,28188,2,5637.6
2024-02-25,Phone,2,36796,CUST056,North,73592,2,14718.400000000001
2024-02-26,Monitor,7,36906,CUST057,East,258342,2,51668.4
2024-02-27,Monitor,4,5232,CUST058,East,20928,2,4185.6
2024-02-28,Laptop,3,14825,CUST059,South,44475,2,8895.0
2024-02-29,Headphones,2,13458,CUST060,South,26916,2,5383.200000000001
2024-03-01,Tablet,5,29960,CUST061,North,149800,3,29960.0
2024-03-02,Laptop,7,20614,CUST062,South,144298,3,28859.600000000002
2024-03-03,Monitor,10,23528,CUST063,East,235280,3,47056.0
2024-03-04,Laptop,5,18552,CUST064,West,92760,3,18552.0
2024-03-05,Phone,8,45477,CUST065,South,363816,3,72763.2
2024-03-06,Laptop,9,14033,CUST066,North,126297,3,25259.4
2024-03-07,Headphones,0,45225,CUST067,East,0,3,0.0
2024-03-08,Laptop,5,33893,CUST068,North,169465,3,33893.0
2024-03-09,Tablet,1,23619,CUST069,North,23619,3,4723.8
2024-03-10,Laptop,11,35707,CUST070,South,392777,3,78555.40000000001
2024-03-11,Phone,6,35257,CUST071,West,211542,3,42308.4
2024-03-12,Headphones,7,19193,CUST072,East,134351,3,26870.2
2024-03-13,Headphones,6,50784,CUST073,West,304704,3,60940.8
2024-03-14,Tablet,3,17963,CUST074,South,53889,3,10777.800000000001
2024-03-15,Monitor,4,24328,CUST075,North,97312,3,19462.4
2024-03-16,Phone,5,15763,CUST076,South,78815,3,15763.0
2024-03-17,Laptop,9,3010,CUST077,South,27090,3,5418.0
2024-03-18,Tablet,11,26885,CUST078,East,295735,3,59147.0
2024-03-19,Tablet,11,19770,CUST079,North,217470,3,43494.0
2024-03-20,Phone,4,48891,CUST080,South,195564,3,39112.8
2024-03-21,Laptop,4,28814,CUST081,East,115256,3,23051.2
2024-03-22,Headphones,4,49261,CUST082,South,197044,3,39408.8
2024-03-23,Laptop,10,44064,CUST083,North,440640,3,88128.0
2024-03-24,Phone,7,40438,CUST084,South,283066,3,56613.200000000004
2024-03-25,Laptop,3,8068,CUST085,South,24204,3,4840.8
2024-03-26,Monitor,7,10894,CUST086,North,76258,3,15251.6
2024-03-27,Tablet,6,3694,CUST087,West,22164,3,4432.8
2024-03-28,Phone,5,5411,CUST088,West,27055,3,5411.0
2024-03-29,Laptop,5,39033,CUST089,North,195165,3,39033.0
2024-03-30,Monitor,4,8678,CUST090,East,34712,3,6942.400000000001
2024-03-31,Laptop,1,6661,CUST091,North,6661,3,1332.2
2024-04-01,Tablet,4,31278,CUST092,South,125112,4,25022.4
2024-04-02,Headphones,4,42309,CUST093,South,169236,4,33847.200000000004
2024-04-03,Laptop,5,16884,CUST094,South,84420,4,16884.0
2024-04-04,Tablet,7,19361,CUST095,West,135527,4,27105.4
2024-04-05,Tablet,9,20887,CUST096,North,187983,4,37596.6
2024-04-06,Headphones,0,8525,CUST097,West,0,4,0.0
2024-04-07,Tablet,3,26201,CUST098,East,78603,4,15720.6
2024-04-08,Monitor,1,30345,CUST099,North,30345,4,6069.0
2024-04-09,Headphones,3,22418,CUST100,South,67254,4,13450.800000000001
2024-01-01,Phone,8,36797,CUST001,East,294376,1,58875.200000000004
2024-01-02,Headphones,3,14612,CUST002,North,43836,1,8767.2
2024-01-03,Phone,2,21942,CUST003,West,43884,1,8776.800000000001
2024-01-04,Headphones,1,30257,CUST004,East,30257,1,6051.400000000001
2024-01-05,Laptop,9,38915,CUST005,North,350235,1,70047.0
2024-01-06,Laptop,6,40261,CUST006,South,241566,1,48313.200000000004
2024-01-07,Laptop,7,40575,CUST007,South,284025,1,56805.0
2024-01-08,Laptop,9,7424,CUST008,West,66816,1,13363.2
2024-01-09,Tablet,3,33360,CUST009,North,100080,1,20016.0
2024-01-10,Laptop,5,45594,CUST010,West,227970,1,45594.0
2024-01-11,Monitor,6,5941,CUST011,West,35646,1,7129.200000000001
2024-01-12,Phone,0,12826,CUST012,West,0,1,0.0
2024-01-13,Phone,10,21381,CUST013,East,213810,1,42762.0
2024-01-14,Headphones,5,3667,CUST014,East,18335,1,3667.0
2024-01-15,Headphones,4,34170,CUST015,West,136680,1,27336.0
2024-01-16,Phone,10,41327,CUST016,South,413270,1,82654.0
2024-01-17,Phone,5,12900,CUST017,South,64500,1,12900.0
2024-01-18,Tablet,5,19728,CUST018,North,98640,1,19728.0
2024-01-19,Tablet,1,43873,CUST019,West,43873,1,8774.6
2024-01-20,Laptop,6,41126,CUST020,North,246756,1,49351.200000000004
2024-01-21,Laptop,5,36907,CUST021,East,184535,1,36907.0
2024-01-22,Tablet,3,6301,CUST022,West,18903,1,3780.6000000000004
2024-01-23,Laptop,7,30127,CUST023,North,210889,1,42177.8
2024-01-24,Headphones,3,17942,CUST024,West,53826,1,10765.2
2024-01-25,Monitor,2,9156,CUST025,West,18312,1,3662.4
2024-01-26,Laptop,3,25004,CUST026,North,75012,1,15002.400000000001
2024-01-27,Tablet,1,37833,CUST027,North,37833,1,7566.6
2024-01-28,Tablet,9,43101,CUST028,North,387909,1,77581.8
2024-01-29,Headphones,3,45620,CUST029,North,136860,1,27372.0
2024-01-30,Tablet,7,11232,CUST030,North,78624,1,15724.800000000001
2024-01-31,Tablet,6,35681,CUST031,East,214086,1,42817.200000000004
2024-02-01,Phone,2,16859,CUST032,South,33718,2,6743.6
2024-02-02,Tablet,4,21658,CUST033,South,86632,2,17326.4
2024-02-03,Tablet,3,49544,CUST034,East,148632,2,29726.4
2024-02-04,Tablet,6,5205,CUST035,South,31230,2,6246.0
2024-02-05,Tablet,6,45176,CUST036,East,271056,2,54211.200000000004
2024-02-06,Phone,4,41102,CUST037,North,164408,2,32881.6
2024-02-07,Monitor,8,19332,CUST038,East,154656,2,30931.2
2024-02-08,Monitor,1,39554,CUST039,South,39554,2,7910.8
2024-02-09,Phone,4,11533,CUST040,South,46132,2,9226.4
2024-02-10,Monitor,-1,20716,CUST041,West,-20716,2,-4143.2
2024-02-11,Phone,1,17771,CUST042,West,17771,2,3554.2000000000003
2024-02-12,Tablet,8,43022,CUST043,West,344176,2,68835.2
2024-02-13,Monitor,6,43076,CUST044,West,258456,2,51691.200000000004
2024-02-14,Phone,4,40486,CUST045,East,161944,2,32388.800000000003
2024-02-15,Tablet,1,10391,CUST046,West,10391,2,2078.2000000000003
2024-02-16,Phone,6,30132,CUST047,North,180792,2,36158.4
2024-02-17,Monitor,0,6836,CUST048,West,0,2,0.0
2024-02-18,Laptop,-1,32450,CUST049,South,-32450,2,-6490.0
2024-02-19,Laptop,5,44044,CUST050,West,220220,2,44044.0
2024-02-20,Phone,8,15862,CUST051,West,126896,2,25379.2
2024-02-21,Headphones,2,32093,CUST052,West,64186,2,12837.2
2024-02-22,Monitor,8,23173,CUST053,North,185384,2,37076.8
2024-02-23,Tablet,5,2029,CUST054,North,10145,2,2029.0
2024-02-24,Tablet,5,5262,CUST055,South,26310,2,5262.0
2024-02-25,Phone,2,37360,CUST056,North,74720,2,14944.0
2024-02-26,Monitor,8,36158,CUST057,East,289264,2,57852.8
2024-02-27,Monitor,2,5366,CUST058,East,10732,2,2146.4
2024-02-28,Laptop,6,15079,CUST059,South,90474,2,18094.8
2024-02-29,Headphones,4,12713,CUST060,South,50852,2,10170.400000000001
2024-03-01,Tablet,5,30289,CUST061,North,151445,3,30289.0
2024-03-02,Laptop,8,19398,CUST062,South,155184,3,31036.800000000003
2024-03-03,Monitor,9,24423,CUST063,East,219807,3,43961.4
2024-03-04,Laptop,6,18677,CUST064,West,112062,3,22412.4
2024-03-05,Phone,7,45034,CUST065,South,315238,3,63047.600000000006
2024-03-06,Laptop,7,13622,CUST066,North,95354,3,19070.8
2024-03-07,Headphones,4,43549,CUST067,East,174196,3,34839.200000000004
2024-03-08,Laptop,3,34011,CUST068,North,102033,3,20406.600000000002
2024-03-09,Tablet,2,22333,CUST069,North,44666,3,8933.2
2024-03-10,Laptop,9,35959,CUST070,South,323631,3,64726.200000000004
2024-03-11,Phone,5,34861,CUST071,West,174305,3,34861.0
2024-03-12,Headphones,7,18191,CUST072,East,127337,3,25467.4
2024-03-13,Headphones,5,50380,CUST073,West,251900,3,50380.0
2024-03-14,Tablet,5,16734,CUST074,South,83670,3,16734.0
2024-03-15,Monitor,8,22793,CUST075,North,182344,3,36468.8
2024-03-16,Phone,6,15917,CUST076,South,95502,3,19100.4
2024-03-17,Laptop,6,2498,CUST077,South,14988,3,2997.6000000000004
2024-03-18,Tablet,11,26824,CUST078,East,295064,3,59012.8
2024-03-19,Tablet,10,18536,CUST079,North,185360,3,37072.0
2024-03-20,Phone,5,48249,CUST080,South,241245,3,48249.0
2024-03-21,Laptop,4,28772,CUST081,East,115088,3,23017.600000000002
2024-03-22,Headphones,4,49511,CUST082,South,198044,3,39608.8
2024-03-23,Laptop,10,44595,CUST083,North,445950,3,89190.0
2024-03-24,Phone,8,40595,CUST084,South,324760,3,64952.0
2024-03-25,Laptop,2,7296,CUST085,South,14592,3,2918.4
2024-03-26,Monitor,9,11253,CUST086,North,101277,3,20255.4
2024-03-27,Tablet,6,3249,CUST087,West,19494,3,3898.8
2024-03-28,Phone,8,4653,CUST088,West,37224,3,7444.8
2024-03-29,Laptop,4,37261,CUST089,North,149044,3,29808.800000000003
2024-03-30,Monitor,6,9530,CUST090,East,57180,3,11436.0
2024-03-31,Laptop,3,8135,CUST091,North,24405,3,4881.0
2024-04-01,Tablet,4,29608,CUST092,South,118432,4,23686.4
2024-04-02,Headphones,8,42218,CUST093,South,337744,4,67548.8
2024-04-03,Laptop,5,16355,CUST094,South,81775,4,16355.0
2024-04-04,Tablet,9,19871,CUST095,West,178839,4,35767.8
2024-04-05,Tablet,7,20429,CUST096,North,143003,4,28600.600000000002
2024-04-06,Headphones,3,8612,CUST097,West,25836,4,5167.200000000001
2024-04-07,Tablet,7,28022,CUST098,East,196154,4,39230.8
2024-04-08,Monitor,0,31152,CUST099,North,0,4,0.0
2024-04-09,Headphones,7,23528,CUST100,South,164696,4,32939.200000000004
2024-01-01,Phone,7,36410,CUST001,East,254870,1,50974.0
2024-01-02,Headphones,4,16326,CUST002,North,65304,1,13060.800000000001
2024-01-03,Phone,1,21742,CUST003,West,21742,1,4348.400000000001
2024-01-04,Headphones,3,31365,CUST004,East,94095,1,18819.0
2024-01-05,Laptop,7,39030,CUST005,North,273210,1,54642.0
2024-01-06,Laptop,6,40408,CUST006,South,242448,1,48489.600000000006
2024-01-07,Laptop,7,40356,CUST007,South,282492,1,56498.4
2024-01-08,Laptop,8,6921,CUST008,West,55368,1,11073.6
2024-01-09,Tablet,4,32991,CUST009,North,131964,1,26392.800000000003
2024-01-10,Laptop,4,44694,CUST010,West,178776,1,35755.200000000004
2024-01-11,Monitor,9,6198,CUST011,West,55782,1,11156.400000000001
2024-01-12,Phone,2,13002,CUST012,West,26004,1,5200.8
2024-01-13,Phone,7,20125,CUST013,East,140875,1,28175.0
2024-01-14,Headphones,3,3811,CUST014,East,11433,1,2286.6
2024-01-15,Headphones,3,34113,CUST015,West,102339,1,20467.800000000003
2024-01-16,Phone,7,42452,CUST016,South,297164,1,59432.8
2024-01-17,Phone,3,13417,CUST017,South,40251,1,8050.200000000001
2024-01-18,Tablet,5,18446,CUST018,North,92230,1,18446.0
2024-01-19,Tablet,1,43071,CUST019,West,43071,1,8614.2
2024-01-20,Laptop,7,40919,CUST020,North,286433,1,57286.600000000006
2024-01-21,Laptop,3,37095,CUST021,East,111285,1,22257.0
2024-01-22,Tablet,4,7589,CUST022,West,30356,1,6071.200000000001
2024-01-23,Laptop,10,28787,CUST023,North,287870,1,57574.0
2024-01-24,Headphones,2,18372,CUST024,West,36744,1,7348.8
2024-01-25,Monitor,2,9524,CUST025,West,19048,1,3809.6000000000004
2024-01-26,Laptop,3,25039,CUST026,North,75117,1,15023.400000000001
2024-01-27,Tablet,-1,39233,CUST027,North,-39233,1,-7846.6
2024-01-28,Tablet,7,43372,CUST028,North,303604,1,60720.8
2024-01-29,Headphones,-1,45856,CUST029,North,-45856,1,-9171.2
2024-01-30,Tablet,10,11452,CUST030,North,114520,1,22904.0
2024-01-31,Tablet,8,34640,CUST031,East,277120,1,55424.0
2024-02-01,Phone,2,16160,CUST032,South,32320,2,6464.0
2024-02-02,Tablet,2,21130,CUST033,South,42260,2,8452.0
2024-02-03,Tablet,2,47865,CUST034,East,95730,2,19146.0
2024-02-04,Tablet,8,5063,CUST035,South,40504,2,8100.8
2024-02-05,Tablet,2,46035,CUST036,East,92070,2,18414.0
2024-02-06,Phone,6,40837,CUST037,North,245022,2,49004.4
2024-02-07,Monitor,6,20188,CUST038,East,121128,2,24225.600000000002
2024-02-08,Monitor,3,39024,CUST039,South,117072,2,23414.4
2024-02-09,Phone,3,11106,CUST040,South,33318,2,6663.6
2024-02-10,Monitor,3,19203,CUST041,West,57609,2,11521.800000000001
2024-02-11,Phone,3,19230,CUST042,West,57690,2,11538.0
2024-02-12,Tablet,8,43355,CUST043,West,346840,2,69368.0
2024-02-13,Monitor,3,43777,CUST044,West,131331,2,26266.2
2024-02-14,Phone,3,40423,CUST045,East,121269,2,24253.800000000003
2024-02-15,Tablet,1,10948,CUST046,West,10948,2,2189.6
2024-02-16,Phone,4,30373,CUST047,North,121492,2,24298.4
2024-02-17,Monitor,1,6552,CUST048,West,6552,2,1310.4
2024-02-18,Laptop,2,32025,CUST049,South,64050,2,12810.0
2024-02-19,Laptop,3,44551,CUST050,West,133653,2,26730.600000000002
2024-02-20,Phone,8,14718,CUST051,West,117744,2,23548.800000000003
2024-02-21,Headphones,1,33138,CUST052,West,33138,2,6627.6
2024-02-22,Monitor,7,23927,CUST053,North,167489,2,33497.8
2024-02-23,Tablet,5,1449,CUST054,North,7245,2,1449.0
2024-02-24,Tablet,7,4673,CUST055,South,32711,2,6542.200000000001
2024-02-25,Phone,3,37871,CUST056,North,113613,2,22722.600000000002
2024-02-26,Monitor,7,36541,CUST057,East,255787,2,51157.4
2024-02-27,Monitor,3,4577,CUST058,East,13731,2,2746.2000000000003
2024-02-28,Laptop,7,15319,CUST059,South,107233,2,21446.600000000002
2024-02-29,Headphones,4,14385,CUST060,South,57540,2,11508.0
2024-03-01,Tablet,3,29895,CUST061,North,89685,3,17937.0
2024-03-02,Laptop,8,19963,CUST062,South,159704,3,31940.800000000003
2024-03-03,Monitor,10,23277,CUST063,East,232770,3,46554.0
2024-03-04,Laptop,4,18060,CUST064,West,72240,3,14448.0
2024-03-05,Phone,8,44235,CUST065,South,353880,3,70776.0
2024-03-06,Laptop,6,14524,CUST066,North,87144,3,17428.8
2024-03-07,Headphones,1,44992,CUST067,East,44992,3,8998.4
2024-03-08,Laptop,4,34746,CUST068,North,138984,3,27796.800000000003
2024-03-09,Tablet,2,23558,CUST069,North,47116,3,9423.2
2024-03-10,Laptop,7,36208,CUST070,South,253456,3,50691.200000000004
2024-03-11,Phone,2,33933,CUST071,West,67866,3,13573.2
2024-03-12,Headphones,10,18963,CUST072,East,189630,3,37926.0
2024-03-13,Headphones,6,50402,CUST073,West,302412,3,60482.4
2024-03-14,Tablet,6,18082,CUST074,South,108492,3,21698.4
2024-03-15,Monitor,5,22958,CUST075,North,114790,3,22958.0
2024-03-16,Phone,3,16151,CUST076,South,48453,3,9690.6
2024-03-17,Laptop,9,2267,CUST077,South,20403,3,4080.6000000000004
2024-03-18,Tablet,10,26094,CUST078,East,260940,3,52188.0
2024-03-19,Tablet,8,19052,CUST079,North,152416,3,30483.2
2024-03-20,Phone,5,48322,CUST080,South,241610,3,48322.0
2024-03-21,Laptop,3,28763,CUST081,East,86289,3,17257.8
2024-03-22,Headphones,3,48353,CUST082,South,145059,3,29011.800000000003
2024-03-23,Laptop,9,42983,CUST083,North,386847,3,77369.40000000001
2024-03-24,Phone,8,39938,CUST084,South,319504,3,63900.8
2024-03-25,Laptop,2,7384,CUST085,South,14768,3,2953.6000000000004
2024-03-26,Monitor,9,11488,CUST086,North,103392,3,20678.4
2024-03-27,Tablet,2,4092,CUST087,West,8184,3,1636.8000000000002
2024-03-28,Phone,7,5026,CUST088,West,35182,3,7036.400000000001
2024-03-29,Laptop,4,37376,CUST089,North,149504,3,29900.800000000003
2024-03-30,Monitor,2,9919,CUST090,East,19838,3,3967.6000000000004
2024-03-31,Laptop,-1,8147,CUST091,North,-8147,3,-1629.4
2024-04-01,Tablet,5,31170,CUST092,South,155850,4,31170.0
2024-04-02,Headphones,6,42137,CUST093,South,252822,4,50564.4
2024-04-03,Laptop,5,16859,CUST094,South,84295,4,16859.0
2024-04-04,Tablet,8,19247,CUST095,West,153976,4,30795.2
2024-04-05,Tablet,8,21409,CUST096,North,171272,4,34254.4
2024-04-06,Headphones,-1,6803,CUST097,West,-6803,4,-1360.6000000000001
2024-04-07,Tablet,3,26863,CUST098,East,80589,4,16117.800000000001
2024-04-08,Monitor,3,29898,CUST099,North,89694,4,17938.8
2024-04-09,Headphones,5,23788,CUST100,South,118940,4,23788.0
2024-01-01,Phone,8,37176,CUST001,East,297408,1,59481.600000000006
2024-01-02,Headphones,4,15433,CUST002,North,61732,1,12346.400000000001
2024-01-03,Phone,4,21249,CUST003,West,84996,1,16999.2
2024-01-04,Headphones,-1,31074,CUST004,East,-31074,1,-6214.8
2024-01-05,Laptop,6,40150,CUST005,North,240900,1,48180.0
2024-01-06,Laptop,7,40870,CUST006,South,286090,1,57218.0
2024-01-07,Laptop,8,40599,CUST007,South,324792,1,64958.4
2024-01-08,Laptop,7,7818,CUST008,West,54726,1,10945.2
2024-01-09,Tablet,3,33150,CUST009,North,99450,1,19890.0
2024-01-10,Laptop,3,45716,CUST010,West,137148,1,27429.600000000002
2024-01-11,Monitor,6,6674,CUST011,West,40044,1,8008.8
2024-01-12,Phone,1,13148,CUST012,West,13148,1,2629.6000000000004
2024-01-13,Phone,7,21418,CUST013,East,149926,1,29985.2
2024-01-14,Headphones,5,5176,CUST014,East,25880,1,5176.0
2024-01-15,Headphones,0,34606,CUST015,West,0,1,0.0
2024-01-16,Phone,10,41685,CUST016,South,416850,1,83370.0
2024-01-17,Phone,4,14065,CUST017,South,56260,1,11252.0
2024-01-18,Tablet,4,19357,CUST018,North,77428,1,15485.6
2024-01-19,Tablet,2,44014,CUST019,West,88028,1,17605.600000000002
2024-01-20,Laptop,8,42065,CUST020,North,336520,1,67304.0
2024-01-21,Laptop,4,37374,CUST021,East,149496,1,29899.2
2024-01-22,Tablet,2,7623,CUST022,West,15246,1,3049.2000000000003
2024-01-23,Laptop,7,29809,CUST023,North,208663,1,41732.600000000006
2024-01-24,Headphones,-1,17454,CUST024,West,-17454,1,-3490.8
2024-01-25,Monitor,4,9551,CUST025,West,38204,1,7640.8
2024-01-26,Laptop,1,26733,CUST026,North,26733,1,5346.6
2024-01-27,Tablet,0,38195,CUST027,North,0,1,0.0
2024-01-28,Tablet,5,43836,CUST028,North,219180,1,43836.0
2024-01-29,Headphones,2,44716,CUST029,North,89432,1,17886.4
2024-01-30,Tablet,11,12631,CUST030,North,138941,1,27788.2
2024-01-31,Tablet,5,33941,CUST031,East,169705,1,33941.0
2024-02-01,Phone,2,16489,CUST032,South,32978,2,6595.6
2024-02-02,Tablet,5,20647,CUST033,South,103235,2,20647.0
2024-02-03,Tablet,4,48588,CUST034,East,194352,2,38870.4
2024-02-04,Tablet,7,4201,CUST035,South,29407,2,5881.400000000001
2024-02-05,Tablet,4,46175,CUST036,East,184700,2,36940.0
2024-02-06,Phone,4,39189,CUST037,North,156756,2,31351.2
2024-02-07,Monitor,10,18777,CUST038,East,187770,2,37554.0
2024-02-08,Monitor,0,40526,CUST039,South,0,2,0.0
2024-02-09,Phone,4,12337,CUST040,South,49348,2,9869.6
2024-02-10,Monitor,1,19689,CUST041,West,19689,2,3937.8
2024-02-11,Phone,0,18978,CUST042,West,0,2,0.0
2024-02-12,Tablet,7,42351,CUST043,West,296457,2,59291.4
2024-02-13,Monitor,2,42544,CUST044,West,85088,2,17017.600000000002
2024-02-14,Phone,1,39624,CUST045,East,39624,2,7924.8
2024-02-15,Tablet,2,10141,CUST046,West,20282,2,4056.4
2024-02-16,Phone,7,29747,CUST047,North,208229,2,41645.8
2024-02-17,Monitor,3,6005,CUST048,West,18015,2,3603.0
2024-02-18,Laptop,3,31995,CUST049,South,95985,2,19197.0
2024-02-19,Laptop,5,43451,CUST050,West,217255,2,43451.0
2024-02-20,Phone,10,14945,CUST051,West,149450,2,29890.0
2024-02-21,Headphones,0,32759,CUST052,West,0,2,0.0
2024-02-22,Monitor,7,23873,CUST053,North,167111,2,33422.200000000004
2024-02-23,Tablet,4,1133,CUST054,North,4532,2,906.4000000000001
2024-02-24,Tablet,5,4692,CUST055,South,23460,2,4692.0
2024-02-25,Phone,3,37624,CUST056,North,112872,2,22574.4
2024-02-26,Monitor,6,37715,CUST057,East,226290,2,45258.0
2024-02-27,Monitor,0,4290,CUST058,East,0,2,0.0
2024-02-28,Laptop,7,14775,CUST059,South,103425,2,20685.0
2024-02-29,Headphones,2,13566,CUST060,South,27132,2,5426.400000000001
2024-03-01,Tablet,5,29922,CUST061,North,149610,3,29922.0
2024-03-02,Laptop,8,19424,CUST062,South,155392,3,31078.4
2024-03-03,Monitor,10,24692,CUST063,East,246920,3,49384.0
2024-03-04,Laptop,7,17503,CUST064,West,122521,3,24504.2
2024-03-05,Phone,8,44952,CUST065,South,359616,3,71923.2
2024-03-06,Laptop,8,14362,CUST066,North,114896,3,22979.2
2024-03-07,Headphones,1,43894,CUST067,East,43894,3,8778.800000000001
2024-03-08,Laptop,2,33472,CUST068,North,66944,3,13388.800000000001
2024-03-09,Tablet,3,22821,CUST069,North,68463,3,13692.6
2024-03-10,Laptop,8,35699,CUST070,South,285592,3,57118.4
2024-03-11,Phone,6,34508,CUST071,West,207048,3,41409.600000000006
2024-03-12,Headphones,9,18729,CUST072,East,168561,3,33712.200000000004
2024-03-13,Headphones,8,49717,CUST073,West,397736,3,79547.20000000001
2024-03-14,Tablet,4,16632,CUST074,South,66528,3,13305.6
2024-03-15,Monitor,4,24275,CUST075,North,97100,3,19420.0
2024-03-16,Phone,7,16404,CUST076,South,114828,3,22965.600000000002
2024-03-17,Laptop,5,2901,CUST077,South,14505,3,2901.0
2024-03-18,Tablet,8,26385,CUST078,East,211080,3,42216.0
2024-03-19,Tablet,8,19353,CUST079,North,154824,3,30964.800000000003
2024-03-20,Phone,5,48808,CUST080,South,244040,3,48808.0
2024-03-21,Laptop,3,27528,CUST081,East,82584,3,16516.8
2024-03-22,Headphones,0,48258,CUST082,South,0,3,0.0
2024-03-23,Laptop,10,42910,CUST083,North,429100,3,85820.0
2024-03-24,Phone,10,39841,CUST084,South,398410,3,79682.0
2024-03-25,Laptop,5,7531,CUST085,South,37655,3,7531.0
2024-03-26,Monitor,6,10923,CUST086,North,65538,3,13107.6
2024-03-27,Tablet,2,3113,CUST087,West,6226,3,1245.2
2024-03-28,Phone,5,4074,CUST088,West,20370,3,4074.0
2024-03-29,Laptop,8,38216,CUST089,North,305728,3,61145.600000000006
2024-03-30,Monitor,4,8800,CUST090,East,35200,3,7040.0
2024-03-31,Laptop,1,7759,CUST091,North,7759,3,1551.8000000000002
2024-04-01,Tablet,5,30277,CUST092,South,151385,4,30277.0
2024-04-02,Headphones,4,43700,CUST093,South,174800,4,34960.0
2024-04-03,Laptop,6,17533,CUST094,South,105198,4,21039.600000000002
2024-04-04,Tablet,9,19413,CUST095,West,174717,4,34943.4
2024-04-05,Tablet,9,21319,CUST096,North,191871,4,38374.200000000004
2024-04-06,Headphones,3,7491,CUST097,West,22473,4,4494.6
2024-04-07,Tablet,6,26251,CUST098,East,157506,4,31501.2
2024-04-08,Monitor,3,30171,CUST099,North,90513,4,18102.600000000002
2024-04-09,Headphones,4,22508,CUST100,South,90032,4,18006.4
2024-01-01,Phone,7,36816,CUST001,East,257712,1,51542.4
2024-01-02,Headphones,5,14869,CUST002,North,74345,1,14869.0
2024-01-03,Phone,1,22733,CUST003,West,22733,1,4546.6
2024-01-04,Headphones,3,30741,CUST004,East,92223,1,18444.600000000002
2024-01-05,Laptop,10,39053,CUST005,North,390530,1,78106.0
2024-01-06,Laptop,5,40416,CUST006,South,202080,1,40416.0
2024-01-07,Laptop,7,40804,CUST007,South,285628,1,57125.600000000006
2024-01-08,Laptop,8,7648,CUST008,West,61184,1,12236.800000000001
2024-01-09,Tablet,4,32268,CUST009,North,129072,1,25814.4
2024-01-10,Laptop,3,44743,CUST010,West,134229,1,26845.800000000003
2024-01-11,Monitor,10,6740,CUST011,West,67400,1,13480.0
2024-01-12,Phone,3,12974,CUST012,West,38922,1,7784.400000000001
2024-01-13,Phone,8,21304,CUST013,East,170432,1,34086.4
2024-01-14,Headphones,6,3391,CUST014,East,20346,1,4069.2000000000003
2024-01-15,Headphones,0,35105,CUST015,West,0,1,0.0
2024-01-16,Phone,9,42295,CUST016,South,380655,1,76131.0
2024-01-17,Phone,7,12781,CUST017,South,89467,1,17893.4
2024-01-18,Tablet,2,18850,CUST018,North,37700,1,7540.0
2024-01-19,Tablet,3,44485,CUST019,West,133455,1,26691.0
2024-01-20,Laptop,9,41893,CUST020,North,377037,1,75407.40000000001
2024-01-21,Laptop,4,35570,CUST021,East,142280,1,28456.0
2024-01-22,Tablet,2,7022,CUST022,West,14044,1,2808.8
2024-01-23,Laptop,7,29461,CUST023,North,206227,1,41245.4
2024-01-24,Headphones,3,17241,CUST024,West,51723,1,10344.6
2024-01-25,Monitor,4,9990,CUST025,West,39960,1,7992.0
2024-01-26,Laptop,5,26421,CUST026,North,132105,1,26421.0
2024-01-27,Tablet,2,38093,CUST027,North,76186,1,15237.2
2024-01-28,Tablet,6,44070,CUST028,North,264420,1,52884.0
2024-01-29,Headphones,0,44885,CUST029,North,0,1,0.0
2024-01-30,Tablet,11,12157,CUST030,North,133727,1,26745.4
2024-01-31,Tablet,5,34409,CUST031,East,172045,1,34409.0
2024-02-01,Phone,4,17967,CUST032,South,71868,2,14373.6
2024-02-02,Tablet,4,21654,CUST033,South,86616,2,17323.2
2024-02-03,Tablet,1,48217,CUST034,East,48217,2,9643.4
2024-02-04,Tablet,4,3491,CUST035,South,13964,2,2792.8
2024-02-05,Tablet,5,46311,CUST036,East,231555,2,46311.0
2024-02-06,Phone,7,40475,CUST037,North,283325,2,56665.0
2024-02-07,Monitor,6,19794,CUST038,East,118764,2,23752.800000000003
2024-02-08,Monitor,0,39245,CUST039,South,0,2,0.0
2024-02-09,Phone,5,11525,CUST040,South,57625,2,11525.0
2024-02-10,Monitor,-1,19580,CUST041,West,-19580,2,-3916.0
2024-02-11,Phone,2,17616,CUST042,West,35232,2,7046.400000000001
2024-02-12,Tablet,4,43691,CUST043,West,174764,2,34952.8
2024-02-13,Monitor,4,43181,CUST044,West,172724,2,34544.8
2024-02-14,Phone,2,39956,CUST045,East,79912,2,15982.400000000001
2024-02-15,Tablet,3,11918,CUST046,West,35754,2,7150.8
2024-02-16,Phone,4,30278,CUST047,North,121112,2,24222.4
2024-02-17,Monitor,0,6804,CUST048,West,0,2,0.0
2024-02-18,Laptop,3,32964,CUST049,South,98892,2,19778.4
2024-02-19,Laptop,3,44635,CUST050,West,133905,2,26781.0
2024-02-20,Phone,9,14854,CUST051,West,133686,2,26737.2
2024-02-21,Headphones,-1,32990,CUST052,West,-32990,2,-6598.0
2024-02-22,Monitor,6,24149,CUST053,North,144894,2,28978.800000000003
2024-02-23,Tablet,7,831,CUST054,North,5817,2,1163.4
2024-02-24,Tablet,7,5267,CUST055,South,36869,2,7373.8
2024-02-25,Phone,1,37237,CUST056,North,37237,2,7447.400000000001
2024-02-26,Monitor,5,37668,CUST057,East,188340,2,37668.0
2024-02-27,Monitor,0,4475,CUST058,East,0,2,0.0
2024-02-28,Laptop,4,16151,CUST059,South,64604,2,12920.800000000001
2024-02-29,Headphones,4,14024,CUST060,South,56096,2,11219.2
2024-03-01,Tablet,5,30711,CUST061,North,153555,3,30711.0
2024-03-02,Laptop,7,19148,CUST062,South,134036,3,26807.2
2024-03-03,Monitor,7,25140,CUST063,East,175980,3,35196.0
2024-03-04,Laptop,5,17494,CUST064,West,87470,3,17494.0
2024-03-05,Phone,8,44726,CUST065,South,357808,3,71561.6
2024-03-06,Laptop,8,14550,CUST066,North,116400,3,23280.0
2024-03-07,Headphones,1,45322,CUST067,East,45322,3,9064.4
2024-03-08,Laptop,5,35080,CUST068,North,175400,3,35080.0
2024-03-09,Tablet,3,24208,CUST069,North,72624,3,14524.800000000001
2024-03-10,Laptop,10,35501,CUST070,South,355010,3,71002.0
2024-03-11,Phone,5,34770,CUST071,West,173850,3,34770.0
2024-03-12,Headphones,9,18456,CUST072,East,166104,3,33220.8
2024-03-13,Headphones,8,48990,CUST073,West,391920,3,78384.0
2024-03-14,Tablet,4,16855,CUST074,South,67420,3,13484.0
2024-03-15,Monitor,8,24221,CUST075,North,193768,3,38753.6
2024-03-16,Phone,4,17409,CUST076,South,69636,3,13927.2
2024-03-17,Laptop,8,2564,CUST077,South,20512,3,4102.400000000001
2024-03-18,Tablet,11,25938,CUST078,East,285318,3,57063.600000000006
2024-03-19,Tablet,8,19671,CUST079,North,157368,3,31473.600000000002
2024-03-20,Phone,2,49896,CUST080,South,99792,3,19958.4
2024-03-21,Laptop,4,27879,CUST081,East,111516,3,22303.2
2024-03-22,Headphones,1,47871,CUST082,South,47871,3,9574.2
2024-03-23,Laptop,9,44627,CUST083,North,401643,3,80328.6
2024-03-24,Phone,10,41061,CUST084,South,410610,3,82122.0
2024-03-25,Laptop,2,8436,CUST085,South,16872,3,3374.4
2024-03-26,Monitor,9,12518,CUST086,North,112662,3,22532.4
2024-03-27,Tablet,4,3614,CUST087,West,14456,3,2891.2000000000003
2024-03-28,Phone,4,3716,CUST088,West,14864,3,2972.8
2024-03-29,Laptop,6,38639,CUST089,North,231834,3,46366.8
2024-03-30,Monitor,5,10421,CUST090,East,52105,3,10421.0
2024-03-31,Laptop,0,7808,CUST091,North,0,3,0.0
2024-04-01,Tablet,3,30302,CUST092,South,90906,4,18181.2
2024-04-02,Headphones,7,43704,CUST093,South,305928,4,61185.600000000006
2024-04-03,Laptop,8,16800,CUST094,South,134400,4,26880.0
2024-04-04,Tablet,8,19902,CUST095,West,159216,4,31843.2
2024-04-05,Tablet,9,21650,CUST096,North,194850,4,38970.0
2024-04-06,Headphones,1,7704,CUST097,West,7704,4,1540.8000000000002
2024-04-07,Tablet,4,26792,CUST098,East,107168,4,21433.600000000002
2024-04-08,Monitor,3,30701,CUST099,North,92103,4,18420.600000000002
2024-04-09,Headphones,7,23196,CUST100,South,162372,4,32474.4
